{"cameraMode":{"drawMode":0,"name":"Shaded","section":"Shading Mode"},"sceneLighting":true,"audioPlay":false,"sceneViewState":{"m_AlwaysRefresh":false,"showFog":true,"showSkybox":true,"showFlares":true,"showImageEffects":true,"showParticleSystems":true,"showVisualEffectGraphs":true,"m_FxEnabled":true},"in2DMode":false,"pivot":{"x":793.7047729492188,"y":248.08792114257813,"z":-186.4775390625},"rotation":{"x":0.13688062131404878,"y":0.012003561481833458,"z":-0.0017112705390900374,"w":0.9906039237976074},"size":552.0988159179688,"orthographic":false}